{"accuracy": [0.14423076808452606, 0.2884615361690521, 0.09615384787321091, 0.4038461446762085, 0.42307692766189575, 0.3461538553237915, 0.45192307233810425, 0.567307710647583, 0.5288461446762085, 0.557692289352417, 0.567307710647583, 0.567307710647583, 0.6538461446762085, 0.6730769276618958, 0.6346153616905212, 0.5961538553237915, 0.5961538553237915, 0.6442307829856873, 0.5384615659713745, 0.692307710647583, 0.682692289352417, 0.692307710647583, 0.7403846383094788, 0.682692289352417, 0.7884615659713745, 0.7596153616905212, 0.7692307829856873, 0.75, 0.807692289352417, 0.8269230723381042, 0.8461538553237915, 0.8846153616905212, 0.807692289352417, 0.8557692170143127, 0.7884615659713745, 0.8557692170143127, 0.8365384340286255, 0.8461538553237915, 0.875, 0.875, 0.8269230723381042, 0.8846153616905212, 0.9134615659713745, 0.8846153616905212, 0.8846153616905212, 0.9134615659713745, 0.8942307829856873, 0.932692289352417, 0.8942307829856873, 0.8942307829856873], "loss": [44.45975112915039, 22.435800552368164, 7.5732316970825195, 2.215078830718994, 1.9193295240402222, 1.8823084831237793, 1.8650658130645752, 1.4128434658050537, 1.4042657613754272, 1.2906638383865356, 1.3879737854003906, 1.3562357425689697, 1.0888853073120117, 1.0785311460494995, 1.1142891645431519, 0.9648672342300415, 0.9210227131843567, 0.9402949810028076, 1.228688359260559, 0.865925133228302, 0.7841969132423401, 0.7699630260467529, 0.7073419094085693, 0.7668229341506958, 0.5755506753921509, 0.5796667337417603, 0.5512679815292358, 0.5593031644821167, 0.5989677309989929, 0.5225784778594971, 0.45161962509155273, 0.41768866777420044, 0.45131462812423706, 0.40030673146247864, 0.4843185842037201, 0.3080396056175232, 0.3780139684677124, 0.366596519947052, 0.37483927607536316, 0.38263657689094543, 0.4151513874530792, 0.31075960397720337, 0.29767659306526184, 0.3373771011829376, 0.2839726209640503, 0.294101357460022, 0.26614680886268616, 0.21333874762058258, 0.3117775321006775, 0.27680832147598267], "val_accuracy": [0.23076923191547394, 0.11538461595773697, 0.42307692766189575, 0.3461538553237915, 0.26923078298568726, 0.26923078298568726, 0.38461539149284363, 0.42307692766189575, 0.42307692766189575, 0.38461539149284363, 0.42307692766189575, 0.42307692766189575, 0.42307692766189575, 0.42307692766189575, 0.42307692766189575, 0.42307692766189575, 0.4615384638309479, 0.42307692766189575, 0.42307692766189575, 0.42307692766189575, 0.42307692766189575, 0.42307692766189575, 0.38461539149284363, 0.42307692766189575, 0.42307692766189575, 0.38461539149284363, 0.42307692766189575, 0.42307692766189575, 0.42307692766189575, 0.38461539149284363, 0.38461539149284363, 0.38461539149284363, 0.38461539149284363, 0.38461539149284363, 0.38461539149284363, 0.38461539149284363, 0.38461539149284363, 0.42307692766189575, 0.42307692766189575, 0.42307692766189575, 0.38461539149284363, 0.38461539149284363, 0.38461539149284363, 0.38461539149284363, 0.38461539149284363, 0.38461539149284363, 0.38461539149284363, 0.38461539149284363, 0.38461539149284363, 0.38461539149284363], "val_loss": [35.48820877075195, 7.472221851348877, 2.6144564151763916, 2.4521803855895996, 2.267439603805542, 2.642024040222168, 2.062640905380249, 1.9927058219909668, 1.938206434249878, 2.1610987186431885, 2.0353450775146484, 1.8912787437438965, 1.9087404012680054, 2.0370776653289795, 2.0518124103546143, 2.0069284439086914, 1.8950124979019165, 1.9790000915527344, 2.0287675857543945, 2.315223455429077, 2.3245882987976074, 2.565117835998535, 2.666184663772583, 2.4534711837768555, 2.5135321617126465, 2.454336166381836, 2.4583754539489746, 2.4219844341278076, 2.484788656234741, 2.798579216003418, 2.8578503131866455, 2.8308908939361572, 2.6463842391967773, 2.7860615253448486, 3.5783681869506836, 3.006594657897949, 2.5781755447387695, 2.4720709323883057, 2.571225643157959, 2.6255948543548584, 2.8964133262634277, 3.2360963821411133, 3.3266031742095947, 2.962305784225464, 2.886593818664551, 2.8661460876464844, 2.9498109817504883, 2.922889471054077, 2.893341064453125, 3.0043680667877197]}